{
  "on_failure": [
    {
      "set": {
        "field": "error.message",
        "value": "{{ _ingest.on_failure_message }}"
      }
    }
  ],
  "description": "Pipeline for parsing MongoDB logs in JSON format",
  "processors": [
    {
      "json": {
        "field": "message",
        "target_field": "mongodb.log"
      }
    },
    {
      "date": {
        "formats": [
          "yyyy-MM-dd'T'HH:mm:ss.SSSZZZZZ"
        ],
        "field": "mongodb.log.t.$date",
        "target_field": "@timestamp"
      }
    },
    {
      "rename": {
        "field": "mongodb.log.s",
        "target_field": "log.level"
      }
    },
    {
      "rename": {
        "target_field": "mongodb.log.component",
        "field": "mongodb.log.c"
      }
    },
    {
      "rename": {
        "field": "mongodb.log.ctx",
        "target_field": "mongodb.log.context"
      }
    },
    {
      "append": {
        "if": "ctx.mongodb.log.component == 'ACCESS'",
        "field": "event.type",
        "value": "access"
      }
    },
    {
      "append": {
        "value": "change",
        "if": "ctx.mongodb.log.component == 'WRITE'",
        "field": "event.type"
      }
    },
    {
      "append": {
        "field": "event.type",
        "value": "info",
        "if": "ctx.mongodb.log.component != 'WRITE' && ctx.mongodb.log.component != 'ACCESS'"
      }
    },
    {
      "append": {
        "field": "event.type",
        "value": "error",
        "if": "ctx.log.level == 'F' || ctx.log.level == 'E'"
      }
    },
    {
      "remove": {
        "field": [
          "mongodb.log.t",
          "mongodb.log.attr",
          "mongodb.log.tags",
          "mongodb.log.truncated",
          "mongodb.log.size"
        ],
        "ignore_missing": true
      }
    }
  ]
}
