{
  "description": "Pipeline for parsing Nginx access logs. Requires the geoip and user_agent plugins.",
  "processors": [
    {
      "set": {
        "field": "event.ingested",
        "value": "{{_ingest.timestamp}}"
      }
    },
    {
      "grok": {
        "field": "message",
        "patterns": [
          "(%{NGINX_HOST} )?\"?(?:%{NGINX_ADDRESS_LIST:nginx.access.remote_ip_list}|%{NOTSPACE:source.address}) - (-|%{DATA:user.name}) \\[%{HTTPDATE:nginx.access.time}\\] \"%{DATA:nginx.access.info}\" %{NUMBER:http.response.status_code:long} %{NUMBER:http.response.body.bytes:long} \"(-|%{DATA:http.request.referrer})\" \"(-|%{DATA:user_agent.original})\""
        ],
        "pattern_definitions": {
          "NGINX_HOST": "(?:%{IP:destination.ip}|%{NGINX_NOTSEPARATOR:destination.domain})(:%{NUMBER:destination.port})?",
          "NGINX_NOTSEPARATOR": "[^\t ,:]+",
          "NGINX_ADDRESS_LIST": "(?:%{IP}|%{WORD})(\"?,?\\s*(?:%{IP}|%{WORD}))*"
        },
        "ignore_missing": true,
        "on_failure": [
          {
            "append": {
              "field": "error.message",
              "value": "grok (nginx.access.message) failed: {{ _ingest.on_failure_message }}"
            }
          }
        ]
      }
    },
    {
      "grok": {
        "field": "nginx.access.info",
        "patterns": [
          "%{WORD:http.request.method} %{DATA:_tmp.url_orig} HTTP/%{NUMBER:http.version}",
          ""
        ],
        "ignore_missing": true,
        "on_failure": [
          {
            "append": {
              "field": "error.message",
              "value": "grok (nginx.access.info) failed: {{ _ingest.on_failure_message }}"
            }
          }
        ]
      }
    },
    {
      "uri_parts": {
        "field": "_tmp.url_orig",
        "ignore_failure": true,
        "on_failure": [
          {
            "append": {
              "field": "error.message",
              "value": "uri_parts failed: {{ _ingest.on_failure_message }}"
            }
          }
        ]
      }
    },
    {
      "set": {
        "value": "{{destination.domain}}",
        "if": "ctx.url?.domain == null && ctx.destination?.domain != null",
        "field": "url.domain"
      }
    },
    {
      "remove": {
        "field": ["nginx.access.info", "_tmp.url_orig"],
        "ignore_missing": true
      }
    },
    {
      "split": {
        "field": "nginx.access.remote_ip_list",
        "separator": "\"?,?\\s+",
        "ignore_missing": true
      }
    },
    {
      "split": {
        "field": "nginx.access.origin",
        "separator": "\"?,?\\s+",
        "ignore_missing": true
      }
    },
    {
      "set": {
        "field": "source.address",
        "if": "ctx.source?.address == null",
        "value": ""
      }
    },
    {
      "script": {
        "params": { "dot": "." },
        "if": "ctx.nginx?.access?.remote_ip_list != null && ctx.nginx.access.remote_ip_list.length > 0",
        "lang": "painless",
        "source": "boolean isPrivate(def dot, def ip) {\n  try {\n    StringTokenizer tok = new StringTokenizer(ip, dot);\n    int firstByte = Integer.parseInt(tok.nextToken());\n    int secondByte = Integer.parseInt(tok.nextToken());\n    if (firstByte == 10) { return true; }\n    if (firstByte == 192 && secondByte == 168) { return true; }\n    if (firstByte == 172 && secondByte >= 16 && secondByte <= 31) { return true; }\n    if (firstByte == 127) { return true; }\n    return false;\n  } catch (Exception e) { return false; }\n}\ntry {\n  ctx.source.address = null;\n  if (ctx.nginx.access.remote_ip_list == null) { return; }\n  def found = false;\n  for (def item : ctx.nginx.access.remote_ip_list) {\n    if (!isPrivate(params.dot, item)) {\n      ctx.source.address = item;\n      found = true;\n      break;\n    }\n  }\n  if (!found) { ctx.source.address = ctx.nginx.access.remote_ip_list[0]; }\n} catch (Exception e) { ctx.source.address = null; }",
        "on_failure": [
          {
            "append": {
              "field": "error.message",
              "value": "script (source.address) failed: {{ _ingest.on_failure_message }}"
            }
          }
        ]
      }
    },
    {
      "remove": {
        "if": "ctx.source.address == null",
        "field": "source.address"
      }
    },
    {
      "grok": {
        "patterns": ["^%{IP:source.ip}$"],
        "ignore_failure": true,
        "field": "source.address",
        "on_failure": [
          {
            "append": {
              "field": "error.message",
              "value": "grok (source.address) failed: {{ _ingest.on_failure_message }}"
            }
          }
        ]
      }
    },
    {
      "date": {
        "field": "nginx.access.time",
        "target_field": "@timestamp",
        "formats": ["dd/MMM/yyyy:H:m:s Z"],
        "on_failure": [
          {
            "append": {
              "field": "error.message",
              "value": "date parse failed: {{ _ingest.on_failure_message }}"
            }
          }
        ]
      }
    },
    {
      "set": {
        "copy_from": "@timestamp",
        "field": "event.created"
      }
    },
    {
      "remove": {
        "field": "nginx.access.time"
      }
    },
    {
      "user_agent": {
        "field": "user_agent.original",
        "ignore_missing": true,
        "on_failure": [
          {
            "append": {
              "field": "error.message",
              "value": "user_agent failed: {{ _ingest.on_failure_message }}"
            }
          }
        ]
      }
    },
    {
      "remove": {
        "field": "user_agent.version",
        "ignore_missing": true
      }
    },
    {
      "geoip": {
        "field": "source.ip",
        "target_field": "source.geo",
        "ignore_missing": true,
        "on_failure": [
          {
            "append": {
              "field": "error.message",
              "value": "geoip (source.geo) failed: {{ _ingest.on_failure_message }}"
            }
          }
        ]
      }
    },
    {
      "geoip": {
        "ignore_missing": true,
        "database_file": "GeoLite2-ASN.mmdb",
        "field": "source.ip",
        "target_field": "source.as",
        "properties": ["asn", "organization_name"],
        "on_failure": [
          {
            "append": {
              "field": "error.message",
              "value": "geoip (source.as) failed: {{ _ingest.on_failure_message }}"
            }
          }
        ]
      }
    },
    {
      "rename": {
        "ignore_missing": true,
        "field": "source.as.asn",
        "target_field": "source.as.number"
      }
    },
    {
      "rename": {
        "ignore_missing": true,
        "field": "source.as.organization_name",
        "target_field": "source.as.organization.name"
      }
    },
    {
      "set": {
        "field": "event.kind",
        "value": "event"
      }
    },
    {
      "append": {
        "field": "event.category",
        "value": "web"
      }
    },
    {
      "append": {
        "field": "event.type",
        "value": "access"
      }
    },
    {
      "set": {
        "if": "ctx?.http?.response?.status_code != null && ctx.http.response.status_code < 400",
        "field": "event.outcome",
        "value": "success"
      }
    },
    {
      "set": {
        "field": "event.outcome",
        "value": "failure",
        "if": "ctx?.http?.response?.status_code != null && ctx.http.response.status_code >= 400"
      }
    },
    {
      "append": {
        "field": "related.ip",
        "value": "{{source.ip}}",
        "if": "ctx?.source?.ip != null"
      }
    },
    {
      "append": {
        "field": "related.ip",
        "value": "{{destination.ip}}",
        "if": "ctx?.destination?.ip != null"
      }
    },
    {
      "append": {
        "value": "{{user.name}}",
        "if": "ctx?.user?.name != null",
        "field": "related.user"
      }
    },
    {
      "script": {
        "lang": "painless",
        "description": "Remove null values from doc",
        "source": "void handleMap(Map map) {\n  for (def x : map.values()) {\n    if (x instanceof Map) { handleMap(x); } else if (x instanceof List) { handleList(x); } }\n  map.values().removeIf(v -> v == null);\n}\nvoid handleList(List list) {\n  for (def x : list) { if (x instanceof Map) { handleMap(x); } else if (x instanceof List) { handleList(x); } } }\nhandleMap(ctx);\n",
        "on_failure": [
          {
            "append": {
              "field": "error.message",
              "value": "script (remove nulls) failed: {{ _ingest.on_failure_message }}"
            }
          }
        ]
      }
    }
  ],
  "on_failure": [
    {
      "set": {
        "value": "{{ _ingest.on_failure_message }}",
        "field": "error.message"
      }
    }
  ]
}

