{
    "description" : "Pipeline for parsing the Nginx error logs",
    "processors" : [
      {
        "set" : {
          "field" : "event.ingested_test",
          "value" : "{{_ingest.timestamp}}"
        }
      },
      {
        "rename" : {
          "if": "ctx['event'] == null || ctx.event.original == null",
          "field": "message",
          "target_field": "event.original",
          "ignore_missing": true
        }
      },
      {
        "grok" : {
          "field" : "event.original",
          "patterns" : [
            "%{DATA:nginx.error.time} \\[%{DATA:log.level}\\] %{NUMBER:process.pid:long}#%{NUMBER:process.thread.id:long}: (\\*%{NUMBER:nginx.error.connection_id:long} )?%{GREEDYMULTILINE:message}"
          ],
          "pattern_definitions" : {
            "GREEDYMULTILINE" : "(.|\n|\t)*"
          },
          "ignore_missing" : true
        }
      },
      {
        "date" : {
          "if" : "ctx.event.timezone == null",
          "field" : "nginx.error.time",
          "target_field" : "@timestamp",
          "formats" : [
            "yyyy/MM/dd H:m:s"
          ],
          "on_failure" : [
            {
              "append" : {
                "field" : "error.message",
                "value" : "{{ _ingest.on_failure_message }}"
              }
            }
          ]
        }
      },
      {
        "date" : {
          "on_failure" : [
            {
              "append" : {
                "field" : "error.message",
                "value" : "{{ _ingest.on_failure_message }}"
              }
            }
          ],
          "if" : "ctx.event.timezone != null",
          "field" : "nginx.error.time",
          "target_field" : "@timestamp",
          "formats" : [
            "yyyy/MM/dd H:m:s"
          ],
          "timezone" : "{{ event.timezone }}"
        }
      },
      {
        "set" : {
          "field" : "event.created",
          "copy_from" : "@timestamp"
        }
      },
      {
        "remove" : {
          "field" : "nginx.error.time"
        }
      },
      {
        "set" : {
          "field" : "event.kind",
          "value" : "event"
        }
      },
      {
        "append" : {
          "field" : "event.category",
          "value" : "web"
        }
      },
      {
        "append" : {
          "field" : "event.type",
          "value" : "error"
        }
      }
    ],
    "on_failure" : [
      {
        "set" : {
          "field" : "error.message",
          "value" : "{{ _ingest.on_failure_message }}"
        }
      }
    ]
  }

