{
  "description": "Pipeline for parsing Syslog messages.",
  "processors": [
    {
      "set": {
        "field": "event.ingested",
        "value": "{{_ingest.timestamp}}"
      }
    },
    {
      "grok": {
        "field": "message",
        "patterns": [
          "%{SYSLOGTIMESTAMP:system.syslog.timestamp} %{SYSLOGHOST:host.hostname} %{DATA:process.name}(?:\\[%{POSINT:process.pid:long}\\])?: %{GREEDYMULTILINE:system.syslog.message}",
          "%{SYSLOGTIMESTAMP:system.syslog.timestamp} %{GREEDYMULTILINE:system.syslog.message}",
          "%{TIMESTAMP_ISO8601:system.syslog.timestamp} %{SYSLOGHOST:host.hostname} %{DATA:process.name}(?:\\[%{POSINT:process.pid:long}\\])?: %{GREEDYMULTILINE:system.syslog.message}"
        ],
        "pattern_definitions": {
          "GREEDYMULTILINE": "(.|\n)*"
        },
        "ignore_missing": true
      }
    },
    {
      "remove": {
        "field": "message"
      }
    },
    {
      "rename": {
        "target_field": "message",
        "ignore_missing": true,
        "field": "system.syslog.message"
      }
    },
    {
      "date": {
        "on_failure": [
          {
            "append": {
              "field": "error.message",
              "value": "{{ _ingest.on_failure_message }}"
            }
          }
        ],
        "if": "ctx.event.timezone == null",
        "field": "system.syslog.timestamp",
        "target_field": "@timestamp",
        "formats": [
          "MMM  d HH:mm:ss",
          "MMM dd HH:mm:ss",
          "MMM d HH:mm:ss",
          "ISO8601"
        ]
      }
    },
    {
      "date": {
        "timezone": "{{ event.timezone }}",
        "on_failure": [
          {
            "append": {
              "field": "error.message",
              "value": "{{ _ingest.on_failure_message }}"
            }
          }
        ],
        "if": "ctx.event.timezone != null",
        "field": "system.syslog.timestamp",
        "target_field": "@timestamp",
        "formats": [
          "MMM  d HH:mm:ss",
          "MMM dd HH:mm:ss",
          "MMM d HH:mm:ss",
          "ISO8601"
        ]
      }
    },
    {
      "remove": {
        "field": "system.syslog.timestamp"
      }
    },
    {
      "set": {
        "value": "event",
        "field": "event.kind"
      }
    },
    {
      "append": {
        "value": "{{host.hostname}}",
        "if": "ctx.host?.hostname != null && ctx.host?.hostname != ''",
        "allow_duplicates": false,
        "field": "related.hosts"
      }
    }
  ],
  "on_failure": [
    {
      "set": {
        "field": "error.message",
        "value": "{{ _ingest.on_failure_message }}"
      }
    }
  ]
}